first_name,last_name,specialty,hospital,city,ranking,email,phone,password,dp
Lisa,Johnson,Psychiatry,Community Health Center,Chicago,Consultant,lisa.johnson@example.com,018.132.4454x9767,Lisa_password,default-dp.jgp
Cody,Martinez,Pediatrics,City Hospital,San Antonio,Senior Registrar,cody.martinez@example.com,001-084-934-0699x916,Cody_password,default-dp.jgp
Andrew,Cole,Psychiatry,Regional Medical Center,Houston,Registrar,andrew.cole@example.com,(960)134-5996,Andrew_password,default-dp.jgp
Joshua,Barrera,Oncology,Community Health Center,Los Angeles,Registrar,joshua.barrera@example.com,009.238.0257,Joshua_password,default-dp.jgp
Keith,Evans,Dermatology,County General,San Antonio,Senior Registrar,keith.evans@example.com,(041)796-5558x057,Keith_password,default-dp.jgp
Sandy,Cox,Dermatology,Veterans Affairs Hospital,Houston,Senior Registrar,sandy.cox@example.com,511-647-6097,Sandy_password,default-dp.jgp
Jeanette,Tran,Endocrinology,Metropolitan Hospital,San Antonio,Consultant,jeanette.tran@example.com,806-119-6599x164,Jeanette_password,default-dp.jgp
Jennifer,Oneal,Hematology,Veterans Affairs Hospital,Phoenix,Registrar,jennifer.oneal@communityhealthcenter.com,(908)086-9689x225,Jennifer_password,default-dp.jgp
Michael,Henry,Dermatology,City Hospital,San Jose,Junior Registrar,michael.henry@example.com,001-277-284-0219x856,Michael_password,default-dp.jgp
Jacob,Walker,Pediatrics,Regional Medical Center,Philadelphia,Registrar,jacob.walker@example.com,001-672-928-1485x68439,Jacob_password,default-dp.jgp
Mary,Wilson,Cardiology,Children's Hospital,Houston,Junior Registrar,mary.wilson@example.com,001-849-889-7093x601,Mary_password,default-dp.jgp
Dakota,Smith,Radiology,Metropolitan Hospital,Los Angeles,Registrar,dakota.smith@example.com,(352)445-1918x313,Dakota_password,default-dp.jgp
Andrew,Padilla,Surgery,Regional Medical Center,Chicago,Junior Registrar,andrew.padilla@example.com,001-461-666-0404x51605,Andrew_password,default-dp.jgp
Natalie,Wilcox,Dermatology,Children's Hospital,Los Angeles,Registrar,natalie.wilcox@example.com,+1-850-453-7217x4240,Natalie_password,default-dp.jgp
Dorothy,Wagner,Pediatrics,Saint Mary's Hospital,Chicago,Registrar,dorothy.wagner@example.com,(544)797-8568x30610,Dorothy_password,default-dp.jgp
Thomas,King,Surgery,Children's Hospital,San Jose,Registrar,thomas.king@example.com,(170)365-9538x07975,Thomas_password,default-dp.jgp
Renee,West,Oncology,General Hospital,Chicago,Junior Registrar,renee.west@example.com,571.174.6991,Renee_password,default-dp.jgp
Jessica,Price,Cardiology,Veterans Affairs Hospital,San Antonio,House Officer,jessica.price@example.com,276-902-8690x6277,Jessica_password,default-dp.jgp
Marie,Knox,Emergency Medicine,County General,Los Angeles,Junior Registrar,marie.knox@children'shospital.com,571.331.5285x637,Marie_password,default-dp.jgp
Jason,Johnson,Dermatology,City Hospital,San Antonio,House Officer,jason.johnson@example.com,457.651.8865x94201,Jason_password,default-dp.jgp
Peter,Ballard,Cardiology,University Medical Center,New York,Registrar,peter.ballard@example.com,(558)560-7023x87888,Peter_password,default-dp.jgp
Elizabeth,Mcfarland,Gastroenterology,Regional Medical Center,San Jose,Consultant,elizabeth.mcfarland@example.com,-2581,Elizabeth_password,default-dp.jgp
Shawna,Lane,Oncology,Metropolitan Hospital,San Jose,Registrar,shawna.lane@example.com,504.302.4415,Shawna_password,default-dp.jgp
Daniel,Rubio,Oncology,University Medical Center,San Antonio,Registrar,daniel.rubio@example.com,001-772-173-5136x79067,Daniel_password,default-dp.jgp
Cynthia,Pittman,Gastroenterology,Metropolitan Hospital,San Jose,Senior Registrar,cynthia.pittman@example.com,872.502.3185,Cynthia_password,default-dp.jgp
Jonathon,Fernandez,Dermatology,County General,Chicago,House Officer,jonathon.fernandez@example.com,(949)383-8294x24024,Jonathon_password,default-dp.jgp
Timothy,Guzman,Dermatology,Regional Medical Center,Philadelphia,House Officer,timothy.guzman@example.com,001-269-388-6514x1916,Timothy_password,default-dp.jgp
Sandra,Flores,Emergency Medicine,County General,Dallas,Senior Registrar,sandra.flores@example.com,793.859.7378x3463,Sandra_password,default-dp.jgp
Mark,Campbell,Pediatrics,Metropolitan Hospital,Los Angeles,House Officer,mark.campbell@example.com,915-193-3613,Mark_password,default-dp.jgp
Mario,Peterson,Gastroenterology,Community Health Center,San Antonio,Consultant,mario.peterson@example.com,+1-643-106-6123x678,Mario_password,default-dp.jgp
Peter,Martinez,Urology,University Medical Center,Dallas,Junior Registrar,peter.martinez@regionalmedicalcenter.com,(709)576-3579x45825,Peter_password,default-dp.jgp
Sara,Morris,Neurology,Metropolitan Hospital,San Antonio,Registrar,sara.morris@example.com,7914054854,Sara_password,default-dp.jgp
Krystal,Williamson,Oncology,County General,Phoenix,Consultant,krystal.williamson@example.com,001-267-502-8043,Krystal_password,default-dp.jgp
Michelle,Leonard,Psychiatry,Children's Hospital,Dallas,Consultant,michelle.leonard@example.com,370-248-1009,Michelle_password,default-dp.jgp
Savannah,Roberts,Pediatrics,University Medical Center,Phoenix,Junior Registrar,savannah.roberts@example.com,323.732.6495,Savannah_password,default-dp.jgp
Bradley,Howard,Endocrinology,General Hospital,San Jose,Junior Registrar,bradley.howard@example.com,(447)061-1615,Bradley_password,default-dp.jgp
Brenda,Coleman,Surgery,City Hospital,Chicago,Junior Registrar,brenda.coleman@example.com,(830)392-3562x006,Brenda_password,default-dp.jgp
Amy,Landry,Oncology,General Hospital,Chicago,Senior Registrar,amy.landry@example.com,(631)570-0104,Amy_password,default-dp.jgp
Amanda,Ruiz,Orthopedics,General Hospital,Philadelphia,Senior Registrar,amanda.ruiz@example.com,167.247.5085x06803,Amanda_password,default-dp.jgp
Eileen,Long,Dermatology,City Hospital,New York,Junior Registrar,eileen.long@example.com,202.647.1227x89119,Eileen_password,default-dp.jgp
Jonathan,Freeman,Pediatrics,University Medical Center,Houston,House Officer,jonathan.freeman@example.com,+1-607-633-2795x671,Jonathan_password,default-dp.jgp
Gabriel,Howard,Neurology,Regional Medical Center,Los Angeles,Registrar,gabriel.howard@example.com,001-433-143-5360x0136,Gabriel_password,default-dp.jgp
Betty,Martinez,Radiology,Saint Mary's Hospital,Phoenix,Junior Registrar,betty.martinez@generalhospital.com,160-339-7260x826,Betty_password,default-dp.jgp
Barry,Hill,Gastroenterology,Saint Mary's Hospital,Dallas,Registrar,barry.hill@example.com,(641)114-8208,Barry_password,default-dp.jgp
Rebekah,Bates,Oncology,County General,Chicago,Consultant,rebekah.bates@example.com,832.344.8558,Rebekah_password,default-dp.jgp
Joshua,Jackson,Urology,Regional Medical Center,San Diego,Junior Registrar,joshua.jackson@example.com,(183)394-0950,Joshua_password,default-dp.jgp
Thomas,Carroll,Neurology,County General,Chicago,Consultant,thomas.carroll@example.com,001-254-161-6908,Thomas_password,default-dp.jgp
Sandra,Moore,Neurology,Regional Medical Center,Philadelphia,Consultant,sandra.moore@example.com,+1-951-601-4992x47492,Sandra_password,default-dp.jgp
Mary,Harrison,Hematology,Children's Hospital,San Antonio,Junior Registrar,mary.harrison@example.com,714-608-0418x31898,Mary_password,default-dp.jgp
April,Carey,Cardiology,General Hospital,Houston,Junior Registrar,april.carey@example.com,414-628-9278,April_password,default-dp.jgp
Chad,Winters,Hematology,Regional Medical Center,Los Angeles,House Officer,chad.winters@example.com,001-326-604-4812x328,Chad_password,default-dp.jgp
Veronica,Brown,Gastroenterology,Children's Hospital,San Diego,Registrar,veronica.brown@example.com,270-059-5638x74516,Veronica_password,default-dp.jgp
Courtney,May,Orthopedics,Community Health Center,San Diego,Consultant,courtney.may@example.com,765.226.7986x0639,Courtney_password,default-dp.jgp
Thomas,Sparks,Orthopedics,Metropolitan Hospital,New York,Registrar,thomas.sparks@example.com,304.327.1650x8264,Thomas_password,default-dp.jgp
Benjamin,Lopez,Hematology,Saint Mary's Hospital,San Jose,Registrar,benjamin.lopez@example.com,732-618-5283,Benjamin_password,default-dp.jgp
Cynthia,Vance,Emergency Medicine,University Medical Center,Phoenix,House Officer,cynthia.vance@example.com,4500053080,Cynthia_password,default-dp.jgp
Rebekah,Marquez,Endocrinology,Metropolitan Hospital,Philadelphia,Consultant,rebekah.marquez@example.com,(057)806-4102,Rebekah_password,default-dp.jgp
Danielle,Franco,Pediatrics,Metropolitan Hospital,New York,Registrar,danielle.franco@example.com,+1-110-192-9830x705,Danielle_password,default-dp.jgp
Shirley,Bartlett,Gastroenterology,University Medical Center,Philadelphia,Consultant,shirley.bartlett@example.com,+1-642-659-5871x63921,Shirley_password,default-dp.jgp
Vincent,Mccarthy,Gastroenterology,Community Health Center,San Jose,Consultant,vincent.mccarthy@example.com,(030)681-2107x620,Vincent_password,default-dp.jgp
Patricia,Tanner,Pediatrics,Regional Medical Center,Chicago,Senior Registrar,patricia.tanner@example.com,916.259.6078x13672,Patricia_password,default-dp.jgp
Sophia,Clark,Oncology,Saint Mary's Hospital,San Antonio,Registrar,sophia.clark@example.com,304.194.8214,Sophia_password,default-dp.jgp
Donald,Norman,Emergency Medicine,Veterans Affairs Hospital,New York,House Officer,donald.norman@example.com,880-093-6388,Donald_password,default-dp.jgp
Maria,Boyd,Emergency Medicine,General Hospital,Los Angeles,Senior Registrar,maria.boyd@example.com,019-333-7322,Maria_password,default-dp.jgp
Michelle,Williams,Gastroenterology,Saint Mary's Hospital,Los Angeles,House Officer,michelle.williams@example.com,020.346.1975x0885,Michelle_password,default-dp.jgp
Lisa,Dunn,Radiology,City Hospital,San Antonio,House Officer,lisa.dunn@example.com,+1-438-002-1814x36127,Lisa_password,default-dp.jgp
Danielle,Cunningham,Orthopedics,Metropolitan Hospital,Houston,Junior Registrar,danielle.cunningham@example.com,(905)081-9020,Danielle_password,default-dp.jgp
Bruce,Myers,Surgery,Saint Mary's Hospital,Philadelphia,Registrar,bruce.myers@example.com,001-898-633-2427,Bruce_password,default-dp.jgp
Dylan,Cooper,Gastroenterology,County General,San Jose,House Officer,dylan.cooper@example.com,(081)203-3361x7158,Dylan_password,default-dp.jgp
Denise,Webster,Psychiatry,Veterans Affairs Hospital,Houston,Senior Registrar,denise.webster@example.com,001-924-782-7987x2404,Denise_password,default-dp.jgp
Sara,Freeman,Hematology,Children's Hospital,San Diego,Junior Registrar,sara.freeman@example.com,776-528-3936,Sara_password,default-dp.jgp
Dana,Duffy,Urology,City Hospital,Philadelphia,Consultant,dana.duffy@saintmary'shospital.com,-5005,Dana_password,default-dp.jgp
Mary,Smith,Endocrinology,Metropolitan Hospital,New York,House Officer,mary.smith@example.com,+1-843-711-5012x30630,Mary_password,default-dp.jgp
Joanne,Trujillo,Surgery,Children's Hospital,New York,Registrar,joanne.trujillo@example.com,+1-640-800-0306x257,Joanne_password,default-dp.jgp
Devin,Taylor,Urology,Children's Hospital,Los Angeles,Senior Registrar,devin.taylor@example.com,001-644-633-3941,Devin_password,default-dp.jgp
Amy,Callahan,Pediatrics,County General,New York,Consultant,amy.callahan@example.com,+1-519-001-9643x8155,Amy_password,default-dp.jgp
Anthony,Blankenship,Pediatrics,Veterans Affairs Hospital,Houston,Consultant,anthony.blankenship@example.com,001-342-796-9368x402,Anthony_password,default-dp.jgp
Carmen,Wagner,Orthopedics,Saint Mary's Hospital,San Antonio,Senior Registrar,carmen.wagner@example.com,(858)588-5905x1428,Carmen_password,default-dp.jgp
Tyler,Chen,Psychiatry,Metropolitan Hospital,San Diego,Consultant,tyler.chen@example.com,(336)458-3859,Tyler_password,default-dp.jgp
William,Smith,Radiology,Regional Medical Center,Phoenix,House Officer,william.smith@example.com,8821125032,William_password,default-dp.jgp
Juan,Rivera,Pediatrics,Veterans Affairs Hospital,San Antonio,Junior Registrar,juan.rivera@example.com,009-372-9702x4027,Juan_password,default-dp.jgp
Mary,Keller,Urology,Children's Hospital,San Jose,Senior Registrar,mary.keller@example.com,(287)228-7859x4901,Mary_password,default-dp.jgp
Mark,Gonzalez,Oncology,Veterans Affairs Hospital,Los Angeles,Registrar,mark.gonzalez@example.com,3834720576,Mark_password,default-dp.jgp
Kenneth,Becker,Surgery,Metropolitan Hospital,Los Angeles,Junior Registrar,kenneth.becker@example.com,322-303-5805x4230,Kenneth_password,default-dp.jgp
Scott,Mann,Endocrinology,Children's Hospital,Los Angeles,Junior Registrar,scott.mann@example.com,+1-342-017-3305x090,Scott_password,default-dp.jgp
Katherine,Goodwin,Emergency Medicine,University Medical Center,San Jose,Registrar,katherine.goodwin@example.com,001-508-135-8128x58867,Katherine_password,default-dp.jgp
Catherine,Lutz,Endocrinology,County General,Chicago,Consultant,catherine.lutz@example.com,619.014.5916x487,Catherine_password,default-dp.jgp
Lisa,Andrade,Radiology,General Hospital,Phoenix,Registrar,lisa.andrade@example.com,167-777-4472,Lisa_password,default-dp.jgp
Jennifer,Johnson,Pediatrics,Metropolitan Hospital,San Antonio,Senior Registrar,jennifer.johnson1@example.com,-3476,Jennifer_password,default-dp.jgp
Rachel,Martin,Endocrinology,University Medical Center,Houston,Senior Registrar,rachel.martin@example.com,328.427.5524,Rachel_password,default-dp.jgp
Nicole,Henry,Emergency Medicine,Veterans Affairs Hospital,Houston,Senior Registrar,nicole.henry@example.com,(143)158-9254,Nicole_password,default-dp.jgp
Christine,Butler,Hematology,County General,Philadelphia,House Officer,christine.butler@example.com,-5585,Christine_password,default-dp.jgp
Chad,Juarez,Psychiatry,University Medical Center,Chicago,Consultant,chad.juarez@example.com,957-855-8460x4729,Chad_password,default-dp.jgp
Michael,Dominguez,Emergency Medicine,City Hospital,Houston,Consultant,michael.dominguez1@example.com,+1-927-264-9872x8756,Michael_password,default-dp.jgp
Patricia,Parker,Orthopedics,County General,San Jose,Senior Registrar,patricia.parker@example.com,(809)084-7617x870,Patricia_password,default-dp.jgp
Linda,Aguilar,Hematology,University Medical Center,New York,Registrar,linda.aguilar@example.com,817.694.7512x892,Linda_password,default-dp.jgp
Kimberly,Rivera,Gastroenterology,Veterans Affairs Hospital,New York,Senior Registrar,kimberly.rivera@example.com,6160755975,Kimberly_password,default-dp.jgp
Justin,Davis,Oncology,City Hospital,Houston,Registrar,justin.davis@example.com,654-675-7209x04523,Justin_password,default-dp.jgp
Daniel,Willis,Neurology,Saint Mary's Hospital,Philadelphia,Consultant,daniel.willis@example.com,(516)093-7666x807,Daniel_password,default-dp.jgp
Joshua,Burch,Neurology,University Medical Center,Houston,Registrar,joshua.burch@example.com,493267420,Joshua_password,default-dp.jgp
Keith,Kelly,Hematology,Children's Hospital,Houston,Senior Registrar,keith.kelly@example.com,761.185.6927,Keith_password,default-dp.jgp
Christopher,Mueller,Psychiatry,Veterans Affairs Hospital,New York,Senior Registrar,christopher.mueller@example.com,+1-938-222-8410x85772,Christopher_password,default-dp.jgp
Laura,Sanders,Hematology,Regional Medical Center,San Jose,Consultant,laura.sanders@example.com,+1-105-361-7255x130,Laura_password,default-dp.jgp
Linda,Goodman,Emergency Medicine,Metropolitan Hospital,Philadelphia,House Officer,linda.goodman@example.com,462-502-1101,Linda_password,default-dp.jgp
Jacqueline,Jones,Dermatology,Children's Hospital,Philadelphia,Consultant,jacqueline.jones@example.com,7356025592,Jacqueline_password,default-dp.jgp
Sharon,Johnson,Endocrinology,Veterans Affairs Hospital,Los Angeles,Registrar,sharon.johnson@example.com,014-987-2770x97223,Sharon_password,default-dp.jgp
Leslie,Nunez,Emergency Medicine,Community Health Center,San Diego,Registrar,leslie.nunez@example.com,(345)520-3384x14692,Leslie_password,default-dp.jgp
Lucas,Vasquez,Emergency Medicine,University Medical Center,Philadelphia,House Officer,lucas.vasquez@example.com,999-768-2389x887,Lucas_password,default-dp.jgp
Paul,Stephens,Hematology,General Hospital,New York,Junior Registrar,paul.stephens@example.com,001-873-585-0905,Paul_password,default-dp.jgp
Patricia,Hughes,Surgery,Veterans Affairs Hospital,Dallas,Registrar,patricia.hughes@example.com,(482)469-5122x12781,Patricia_password,default-dp.jgp
Rachel,Garza,Surgery,Children's Hospital,Phoenix,House Officer,rachel.garza@example.com,646-755-1924,Rachel_password,default-dp.jgp
Nicole,Morris,Endocrinology,Regional Medical Center,San Diego,Senior Registrar,nicole.morris@example.com,538-488-2981x7909,Nicole_password,default-dp.jgp
Breanna,Smith,Pediatrics,City Hospital,Philadelphia,Consultant,breanna.smith@children'shospital.com,+1-371-699-1375x66188,Breanna_password,default-dp.jgp
Samantha,Joseph,Neurology,County General,San Jose,Junior Registrar,samantha.joseph@example.com,201-143-1045x17291,Samantha_password,default-dp.jgp
Michael,Delgado,Hematology,Regional Medical Center,San Jose,House Officer,michael.delgado@example.com,(579)643-3035,Michael_password,default-dp.jgp
Nicole,Valencia,Emergency Medicine,County General,Dallas,Junior Registrar,nicole.valencia@example.com,(976)378-4983x78939,Nicole_password,default-dp.jgp
Joshua,Carey,Cardiology,City Hospital,Philadelphia,Consultant,joshua.carey@example.com,472-619-5806x91080,Joshua_password,default-dp.jgp
Natalie,Benjamin,Radiology,University Medical Center,Chicago,Consultant,natalie.benjamin@example.com,738-923-8834x596,Natalie_password,default-dp.jgp
Peter,Prince,Emergency Medicine,Community Health Center,San Diego,Registrar,peter.prince@universitymedicalcenter.com,(978)022-2309x998,Peter_password,default-dp.jgp
Patrick,Saunders,Surgery,Children's Hospital,Philadelphia,Consultant,patrick.saunders@example.com,+1-217-168-7477x3226,Patrick_password,default-dp.jgp
Amanda,Robinson,Radiology,Metropolitan Hospital,San Jose,Senior Registrar,amanda.robinson@veteransaffairshospital.com,395-794-5367x804,Amanda_password,default-dp.jgp
Crystal,Jackson,Oncology,Community Health Center,Chicago,Senior Registrar,crystal.jackson@example.com,(360)958-4400,Crystal_password,default-dp.jgp
Angel,Mcguire,Surgery,University Medical Center,San Jose,House Officer,angel.mcguire@example.com,001-648-257-9060,Angel_password,default-dp.jgp
Teresa,Moon,Endocrinology,General Hospital,San Diego,House Officer,teresa.moon@example.com,928-007-5676x71944,Teresa_password,default-dp.jgp
Jennifer,Johnson,Psychiatry,Regional Medical Center,Philadelphia,Consultant,jennifer.johnson@example.com,(947)223-1371,Jennifer_password,default-dp.jgp
Karen,Daniel,Gastroenterology,City Hospital,Chicago,House Officer,karen.daniel@example.com,001-352-812-9826x7204,Karen_password,default-dp.jgp
Lisa,Harrison,Cardiology,Veterans Affairs Hospital,San Antonio,House Officer,lisa.harrison@example.com,462-938-3802,Lisa_password,default-dp.jgp
Whitney,Craig,Dermatology,Veterans Affairs Hospital,Chicago,Consultant,whitney.craig@example.com,1385841183,Whitney_password,default-dp.jgp
Timothy,Savage,Urology,City Hospital,Phoenix,Consultant,timothy.savage@example.com,(452)089-6428x38719,Timothy_password,default-dp.jgp
Dawn,Patel,Endocrinology,City Hospital,Los Angeles,Consultant,dawn.patel@example.com,(437)332-9496,Dawn_password,default-dp.jgp
Andrew,Hayes,Psychiatry,Saint Mary's Hospital,Phoenix,Registrar,andrew.hayes@example.com,(250)857-7437x8422,Andrew_password,default-dp.jgp
Robert,Robinson,Gastroenterology,University Medical Center,New York,Consultant,robert.robinson@example.com,+1-312-997-9497x85445,Robert_password,default-dp.jgp
Tommy,Soto,Psychiatry,County General,Philadelphia,House Officer,tommy.soto@example.com,(180)143-2739x445,Tommy_password,default-dp.jgp
William,Herring,Urology,County General,San Jose,House Officer,william.herring@example.com,717.417.8350x006,William_password,default-dp.jgp
Wendy,Jackson,Radiology,University Medical Center,New York,Registrar,wendy.jackson@example.com,001-834-603-9942x0308,Wendy_password,default-dp.jgp
Samantha,Perry,Gastroenterology,University Medical Center,San Jose,Senior Registrar,samantha.perry@generalhospital.com,001-170-541-8886x48526,Samantha_password,default-dp.jgp
Eric,Morales,Orthopedics,Regional Medical Center,Los Angeles,Junior Registrar,eric.morales@example.com,(206)975-4584x6632,Eric_password,default-dp.jgp
Dan,Wright,Urology,City Hospital,Phoenix,Junior Registrar,dan.wright@example.com,858.058.6601,Dan_password,default-dp.jgp
Aaron,Holmes,Gastroenterology,General Hospital,Phoenix,Consultant,aaron.holmes@example.com,(190)689-9746,Aaron_password,default-dp.jgp
Stacey,Grimes,Oncology,General Hospital,Los Angeles,Junior Registrar,stacey.grimes@example.com,324.730.9744x68420,Stacey_password,default-dp.jgp
Aaron,Nelson,Pediatrics,City Hospital,Philadelphia,Senior Registrar,aaron.nelson@example.com,301-298-5211,Aaron_password,default-dp.jgp
Emily,Rodriguez,Orthopedics,Children's Hospital,San Jose,Registrar,emily.rodriguez@example.com,+1-512-643-0503x288,Emily_password,default-dp.jgp
Blake,Mendoza,Surgery,Regional Medical Center,San Antonio,Consultant,blake.mendoza@example.com,(216)062-6987x720,Blake_password,default-dp.jgp
Victoria,Foster,Pediatrics,University Medical Center,Philadelphia,Registrar,victoria.foster@example.com,684-059-6841x3557,Victoria_password,default-dp.jgp
Bianca,Nunez,Emergency Medicine,General Hospital,San Jose,Junior Registrar,bianca.nunez@example.com,9796477265,Bianca_password,default-dp.jgp
Gregory,Burgess,Radiology,Veterans Affairs Hospital,San Diego,Senior Registrar,gregory.burgess@example.com,001-637-795-3518x661,Gregory_password,default-dp.jgp
Julie,Martin,Oncology,Saint Mary's Hospital,Chicago,Senior Registrar,julie.martin@example.com,174-309-8823x460,Julie_password,default-dp.jgp
Kathy,Sawyer,Neurology,Metropolitan Hospital,Philadelphia,Consultant,kathy.sawyer@example.com,(031)964-7370,Kathy_password,default-dp.jgp
Elizabeth,Gonzalez,Pediatrics,Saint Mary's Hospital,San Jose,Consultant,elizabeth.gonzalez@example.com,787.216.1663,Elizabeth_password,default-dp.jgp
Caleb,Holland,Oncology,General Hospital,New York,House Officer,caleb.holland@example.com,683.063.6452x020,Caleb_password,default-dp.jgp
Scott,Fischer,Oncology,General Hospital,Los Angeles,Consultant,scott.fischer@example.com,001-653-924-1642x843,Scott_password,default-dp.jgp
Jessica,Adkins,Psychiatry,County General,Houston,Registrar,jessica.adkins@generalhospital.com,554-414-5718x19686,Jessica_password,default-dp.jgp
Caitlin,Thornton,Oncology,Regional Medical Center,Houston,Registrar,caitlin.thornton@example.com,006-512-7688x0992,Caitlin_password,default-dp.jgp
Stephanie,Powers,Emergency Medicine,City Hospital,Phoenix,Senior Registrar,stephanie.powers@example.com,-5521,Stephanie_password,default-dp.jgp
Eric,Casey,Neurology,Metropolitan Hospital,Los Angeles,Senior Registrar,eric.casey@example.com,(628)281-9486,Eric_password,default-dp.jgp
Robert,Calderon,Hematology,Community Health Center,Houston,Consultant,robert.calderon@example.com,+1-861-498-5709x66584,Robert_password,default-dp.jgp
Michael,Medina,Orthopedics,Children's Hospital,Chicago,Senior Registrar,michael.medina@example.com,+1-439-442-3158x8561,Michael_password,default-dp.jgp
Allison,Jenkins,Emergency Medicine,Saint Mary's Hospital,Chicago,House Officer,allison.jenkins@example.com,206.126.3204x278,Allison_password,default-dp.jgp
Sarah,Jackson,Orthopedics,Saint Mary's Hospital,New York,Consultant,sarah.jackson@example.com,(306)306-6405x7211,Sarah_password,default-dp.jgp
Grace,Jackson,Psychiatry,University Medical Center,Chicago,House Officer,grace.jackson@example.com,501.058.4933x06566,Grace_password,default-dp.jgp
Rachel,May,Psychiatry,Regional Medical Center,Philadelphia,Junior Registrar,rachel.may@example.com,618-943-2097x24062,Rachel_password,default-dp.jgp
Kelly,Castaneda,Radiology,Children's Hospital,San Jose,Senior Registrar,kelly.castaneda@example.com,(410)031-0629x8836,Kelly_password,default-dp.jgp
Phillip,Walker,Psychiatry,Veterans Affairs Hospital,San Antonio,Registrar,phillip.walker@example.com,-5320,Phillip_password,default-dp.jgp
Caroline,Mason,Hematology,County General,San Antonio,Junior Registrar,caroline.mason@example.com,312.558.9085x003,Caroline_password,default-dp.jgp
Renee,Rodriguez,Oncology,County General,New York,House Officer,renee.rodriguez@example.com,-6650,Renee_password,default-dp.jgp
Amy,Black,Psychiatry,Regional Medical Center,New York,Consultant,amy.black@example.com,(642)873-4768,Amy_password,default-dp.jgp
Samantha,Wilson,Neurology,Regional Medical Center,Los Angeles,Junior Registrar,samantha.wilson@example.com,-6214,Samantha_password,default-dp.jgp
Jamie,Smith,Psychiatry,General Hospital,Phoenix,Senior Registrar,jamie.smith@example.com,002.841.0623x46586,Jamie_password,default-dp.jgp
Veronica,Peterson,Orthopedics,Community Health Center,San Diego,Junior Registrar,veronica.peterson@example.com,474.862.9758x375,Veronica_password,default-dp.jgp
Tara,Diaz,Oncology,Community Health Center,Chicago,House Officer,tara.diaz@example.com,2592131824,Tara_password,default-dp.jgp
Lauren,Miranda,Pediatrics,Veterans Affairs Hospital,Phoenix,Junior Registrar,lauren.miranda@example.com,3326099552,Lauren_password,default-dp.jgp
Austin,Vega,Psychiatry,Veterans Affairs Hospital,San Antonio,Consultant,austin.vega@example.com,455-987-6828x39793,Austin_password,default-dp.jgp
Antonio,Morales,Emergency Medicine,County General,Houston,House Officer,antonio.morales@example.com,257-459-4553x556,Antonio_password,default-dp.jgp
Shane,Wheeler,Endocrinology,Community Health Center,Chicago,Senior Registrar,shane.wheeler@example.com,+1-353-329-7014x9106,Shane_password,default-dp.jgp
Brianna,Medina,Gastroenterology,University Medical Center,Los Angeles,Registrar,brianna.medina@example.com,(386)905-4786x985,Brianna_password,default-dp.jgp
Timothy,Glenn,Surgery,City Hospital,Los Angeles,Consultant,timothy.glenn@example.com,001-697-349-0537x0456,Timothy_password,default-dp.jgp
Kristopher,Norris,Endocrinology,Metropolitan Hospital,Chicago,House Officer,kristopher.norris@example.com,4894148590,Kristopher_password,default-dp.jgp
Taylor,Jones,Neurology,University Medical Center,San Antonio,Consultant,taylor.jones@example.com,571.679.4188,Taylor_password,default-dp.jgp
Christine,Johnson,Emergency Medicine,Community Health Center,San Diego,Consultant,christine.johnson@example.com,-6527,Christine_password,default-dp.jgp
Catherine,Williamson,Neurology,Veterans Affairs Hospital,Los Angeles,Junior Registrar,catherine.williamson@example.com,(154)523-2736,Catherine_password,default-dp.jgp
James,Nelson,Endocrinology,General Hospital,Los Angeles,Junior Registrar,james.nelson@example.com,(458)012-7876,James_password,default-dp.jgp
Haley,Duncan,Hematology,General Hospital,San Diego,House Officer,haley.duncan@veteransaffairshospital.com,130-383-1833x87389,Haley_password,default-dp.jgp
Tracy,Hancock,Dermatology,University Medical Center,Dallas,Junior Registrar,tracy.hancock@example.com,(752)713-6381,Tracy_password,default-dp.jgp
Jeffrey,Ruiz,Orthopedics,University Medical Center,Dallas,Consultant,jeffrey.ruiz@example.com,668.813.7558x414,Jeffrey_password,default-dp.jgp
Douglas,Jones,Orthopedics,City Hospital,Phoenix,House Officer,douglas.jones@example.com,(347)381-8931x296,Douglas_password,default-dp.jgp
Madison,Richmond,Urology,Saint Mary's Hospital,Dallas,Consultant,madison.richmond@example.com,676-379-0888x420,Madison_password,default-dp.jgp
Matthew,Butler,Oncology,City Hospital,Houston,Registrar,matthew.butler@regionalmedicalcenter.com,789.733.2058x97207,Matthew_password,default-dp.jgp
Connie,Braun,Dermatology,Metropolitan Hospital,Philadelphia,Senior Registrar,connie.braun@example.com,+1-003-196-2957x59881,Connie_password,default-dp.jgp
Jeffrey,Tran,Oncology,Saint Mary's Hospital,San Diego,Consultant,jeffrey.tran@example.com,(646)277-7927,Jeffrey_password,default-dp.jgp
Nina,Ellis,Gastroenterology,Children's Hospital,San Antonio,Junior Registrar,nina.ellis@example.com,(154)746-5800x13648,Nina_password,default-dp.jgp
Robert,Medina,Psychiatry,Regional Medical Center,Houston,House Officer,robert.medina@example.com,1906957562,Robert_password,default-dp.jgp
George,Bryant,Psychiatry,University Medical Center,Phoenix,Junior Registrar,george.bryant@example.com,001-495-731-7294x06529,George_password,default-dp.jgp
James,Perkins,Endocrinology,Community Health Center,Phoenix,House Officer,james.perkins@example.com,-10060,James_password,default-dp.jgp
Crystal,Lynn,Pediatrics,Veterans Affairs Hospital,Houston,Consultant,crystal.lynn@example.com,001-171-729-4809x3121,Crystal_password,default-dp.jgp
Andre,Murillo,Gastroenterology,County General,San Antonio,Consultant,andre.murillo@example.com,563.066.7026x32380,Andre_password,default-dp.jgp
Benjamin,Spence,Hematology,General Hospital,Philadelphia,House Officer,benjamin.spence@children'shospital.com,994.577.2615x5974,Benjamin_password,default-dp.jgp
Brenda,Johnson,Surgery,Veterans Affairs Hospital,Dallas,Consultant,brenda.johnson@example.com,4751769298,Brenda_password,default-dp.jgp
Douglas,Myers,Pediatrics,Veterans Affairs Hospital,San Diego,House Officer,douglas.myers@generalhospital.com,001-681-948-2151x83061,Douglas_password,default-dp.jgp
James,Murphy,Psychiatry,Children's Hospital,Los Angeles,Consultant,james.murphy@example.com,278.713.9924x4074,James_password,default-dp.jgp
Debbie,Hall,Psychiatry,County General,San Jose,Consultant,debbie.hall@example.com,593-178-7575x8124,Debbie_password,default-dp.jgp
Stacie,Burke,Endocrinology,Children's Hospital,Houston,House Officer,stacie.burke@example.com,202-656-9535,Stacie_password,default-dp.jgp
Brett,Russell,Surgery,City Hospital,San Jose,Consultant,brett.russell@example.com,932.433.3743x98712,Brett_password,default-dp.jgp
Veronica,Smith,Gastroenterology,County General,Chicago,House Officer,veronica.smith@example.com,+1-367-434-9588x184,Veronica_password,default-dp.jgp
Susan,Sanchez,Psychiatry,Saint Mary's Hospital,Chicago,Consultant,susan.sanchez@example.com,001-673-040-8069,Susan_password,default-dp.jgp
Christopher,Winters,Dermatology,Regional Medical Center,Los Angeles,Junior Registrar,christopher.winters@example.com,986-812-4982,Christopher_password,default-dp.jgp
William,White,Radiology,City Hospital,Dallas,Consultant,william.white@example.com,446.655.9699,William_password,default-dp.jgp
Susan,Smith,Gastroenterology,Saint Mary's Hospital,Los Angeles,Junior Registrar,susan.smith@example.com,646.760.4453x927,Susan_password,default-dp.jgp
Kimberly,Rios,Endocrinology,General Hospital,San Jose,House Officer,kimberly.rios@example.com,+1-481-931-8942x920,Kimberly_password,default-dp.jgp
Rebecca,Richardson,Psychiatry,Veterans Affairs Hospital,Dallas,Registrar,rebecca.richardson@communityhealthcenter.com,034-253-2014x529,Rebecca_password,default-dp.jgp
Michael,Flowers,Radiology,University Medical Center,Chicago,Registrar,michael.flowers@example.com,001-860-803-2485x594,Michael_password,default-dp.jgp
Kristina,Perry,Orthopedics,Saint Mary's Hospital,San Diego,Junior Registrar,kristina.perry@example.com,(016)590-9571,Kristina_password,default-dp.jgp
Jennifer,Reed,Surgery,County General,Los Angeles,Registrar,jennifer.reed@example.com,259.843.3359x5362,Jennifer_password,default-dp.jgp
Dawn,Martin,Endocrinology,General Hospital,Chicago,House Officer,dawn.martin@example.com,(546)703-0933x3745,Dawn_password,default-dp.jgp
Jason,Duncan,Surgery,Saint Mary's Hospital,San Diego,Senior Registrar,jason.duncan@example.com,946.350.6015,Jason_password,default-dp.jgp
William,Walter,Dermatology,University Medical Center,Phoenix,Junior Registrar,william.walter@example.com,001-172-278-1824x510,William_password,default-dp.jgp
Eric,Serrano,Endocrinology,University Medical Center,Los Angeles,House Officer,eric.serrano@example.com,001-469-477-4589,Eric_password,default-dp.jgp
Michelle,Perkins,Surgery,Metropolitan Hospital,New York,Senior Registrar,michelle.perkins@example.com,(499)526-7207,Michelle_password,default-dp.jgp
Samuel,Russell,Oncology,General Hospital,San Jose,Junior Registrar,samuel.russell@example.com,(830)406-0339x33506,Samuel_password,default-dp.jgp
Kathy,Fox,Pediatrics,City Hospital,Dallas,Registrar,kathy.fox@example.com,(927)456-4167,Kathy_password,default-dp.jgp
Wendy,Medina,Orthopedics,University Medical Center,Dallas,Senior Registrar,wendy.medina@veteransaffairshospital.com,228.586.3527,Wendy_password,default-dp.jgp
William,Johnson,Urology,University Medical Center,Los Angeles,House Officer,william.johnson@example.com,(301)086-9745,William_password,default-dp.jgp
Nicholas,Cochran,Hematology,Saint Mary's Hospital,San Antonio,Senior Registrar,nicholas.cochran@example.com,8635546944,Nicholas_password,default-dp.jgp
Kayla,Mitchell,Orthopedics,Saint Mary's Hospital,New York,Senior Registrar,kayla.mitchell@example.com,545-741-3467x816,Kayla_password,default-dp.jgp
Anthony,Willis,Hematology,University Medical Center,San Antonio,Senior Registrar,anthony.willis@communityhealthcenter.com,420.189.5608,Anthony_password,default-dp.jgp
James,Mendoza,Urology,Veterans Affairs Hospital,Philadelphia,Junior Registrar,james.mendoza@example.com,(891)934-3877x04840,James_password,default-dp.jgp
Nathan,Johnson,Psychiatry,Saint Mary's Hospital,San Diego,Registrar,nathan.johnson@example.com,052-833-6109x917,Nathan_password,default-dp.jgp
Donna,Reynolds,Hematology,Saint Mary's Hospital,Philadelphia,Consultant,donna.reynolds@example.com,019-458-1686x831,Donna_password,default-dp.jgp
Chase,Guerra,Pediatrics,Saint Mary's Hospital,New York,Consultant,chase.guerra@example.com,912-267-8850x855,Chase_password,default-dp.jgp
Barbara,Evans,Urology,General Hospital,San Diego,House Officer,barbara.evans@example.com,+1-949-289-9035x638,Barbara_password,default-dp.jgp
Nina,Terry,Hematology,Children's Hospital,Houston,Junior Registrar,nina.terry@example.com,+1-990-978-6621x3172,Nina_password,default-dp.jgp
Lisa,Greene,Orthopedics,Regional Medical Center,San Diego,Junior Registrar,lisa.greene@example.com,791-495-2644x8795,Lisa_password,default-dp.jgp
Gabriela,Herring,Emergency Medicine,Veterans Affairs Hospital,New York,Senior Registrar,gabriela.herring@universitymedicalcenter.com,634623826,Gabriela_password,default-dp.jgp
Christopher,Little,Cardiology,Saint Mary's Hospital,Dallas,Junior Registrar,christopher.little@example.com,530.212.0426,Christopher_password,default-dp.jgp
Amber,Roberts,Endocrinology,County General,Philadelphia,House Officer,amber.roberts@example.com,225-730-4522x44195,Amber_password,default-dp.jgp
Nicole,White,Neurology,Community Health Center,San Diego,Junior Registrar,nicole.white@example.com,(988)067-2403x82832,Nicole_password,default-dp.jgp
Tamara,Casey,Pediatrics,University Medical Center,San Jose,Consultant,tamara.casey@example.com,001-934-009-8818,Tamara_password,default-dp.jgp
Sarah,Watson,Orthopedics,Children's Hospital,Dallas,Senior Registrar,sarah.watson@example.com,+1-343-147-8726x9117,Sarah_password,default-dp.jgp
Shelly,Williams,Urology,Saint Mary's Hospital,Dallas,Junior Registrar,shelly.williams@saintmary'shospital.com,001-615-745-8722x77002,Shelly_password,default-dp.jgp
Heather,Burton,Cardiology,Community Health Center,Chicago,House Officer,heather.burton@example.com,574.055.6773x66795,Heather_password,default-dp.jgp
Bryan,Williams,Neurology,Children's Hospital,Chicago,Junior Registrar,bryan.williams@example.com,001-280-498-2228,Bryan_password,default-dp.jgp
Lisa,Gill,Endocrinology,University Medical Center,Los Angeles,Registrar,lisa.gill@example.com,281-476-5764x44996,Lisa_password,default-dp.jgp
Joshua,Park,Urology,Children's Hospital,San Diego,Consultant,joshua.park@example.com,001-401-522-8794x949,Joshua_password,default-dp.jgp
Tammy,Neal,Pediatrics,University Medical Center,San Diego,House Officer,tammy.neal@cityhospital.com,392-224-6052x80547,Tammy_password,default-dp.jgp
Diane,Hardy,Neurology,Saint Mary's Hospital,Houston,Registrar,diane.hardy@example.com,001-113-445-9074x1270,Diane_password,default-dp.jgp
Scott,Mccullough,Dermatology,General Hospital,Los Angeles,Junior Registrar,scott.mccullough@countygeneral.com,488-541-5105x5764,Scott_password,default-dp.jgp
Jonathan,Saunders,Dermatology,Children's Hospital,San Jose,Registrar,jonathan.saunders@example.com,001-446-444-6296x97838,Jonathan_password,default-dp.jgp
Raymond,Thomas,Emergency Medicine,Veterans Affairs Hospital,Dallas,Registrar,raymond.thomas@universitymedicalcenter.com,001-569-832-2830,Raymond_password,default-dp.jgp
Dustin,Brown,Dermatology,General Hospital,San Jose,Senior Registrar,dustin.brown@example.com,(100)497-2045,Dustin_password,default-dp.jgp
Darlene,Stewart,Radiology,Community Health Center,New York,Consultant,darlene.stewart@example.com,3848346107,Darlene_password,default-dp.jgp
Christopher,Hall,Hematology,City Hospital,Dallas,Consultant,christopher.hall@example.com,001-023-835-5741x75248,Christopher_password,default-dp.jgp
Nicole,Small,Hematology,University Medical Center,Dallas,Senior Registrar,nicole.small@example.com,512.881.7248,Nicole_password,default-dp.jgp
Lisa,Shaw,Radiology,Veterans Affairs Hospital,San Antonio,Junior Registrar,lisa.shaw@generalhospital.com,+1-994-383-1872x0188,Lisa_password,default-dp.jgp
William,Heath,Endocrinology,City Hospital,San Diego,Consultant,william.heath@example.com,010.048.9484x6136,William_password,default-dp.jgp
Michelle,Olson,Psychiatry,Saint Mary's Hospital,San Jose,Junior Registrar,michelle.olson@example.com,+1-798-003-3918x560,Michelle_password,default-dp.jgp
Julie,Huff,Endocrinology,Regional Medical Center,Phoenix,Senior Registrar,julie.huff@example.com,(507)445-7442x6314,Julie_password,default-dp.jgp
Amanda,Brown,Radiology,Community Health Center,Dallas,Registrar,amanda.brown@example.com,350.545.1556x2679,Amanda_password,default-dp.jgp
Michelle,Dillon,Orthopedics,City Hospital,San Diego,Junior Registrar,michelle.dillon@example.com,001-266-347-4343x69013,Michelle_password,default-dp.jgp
Paul,Richardson,Psychiatry,City Hospital,San Diego,Senior Registrar,paul.richardson@example.com,398-895-2384,Paul_password,default-dp.jgp
Jeffrey,Williams,Surgery,City Hospital,Los Angeles,House Officer,jeffrey.williams@example.com,(917)932-1967,Jeffrey_password,default-dp.jgp
Brenda,Tucker,Surgery,Children's Hospital,Dallas,House Officer,brenda.tucker@example.com,564.751.8235x444,Brenda_password,default-dp.jgp
Jennifer,Lambert,Pediatrics,Veterans Affairs Hospital,Los Angeles,Junior Registrar,jennifer.lambert@example.com,291-040-5649,Jennifer_password,default-dp.jgp
Matthew,Brandt,Cardiology,General Hospital,Houston,Senior Registrar,matthew.brandt@example.com,001-845-037-0198x051,Matthew_password,default-dp.jgp
Robert,Gallegos,Urology,Children's Hospital,Dallas,Consultant,robert.gallegos@example.com,001-735-458-5075x67612,Robert_password,default-dp.jgp
Linda,Scott,Surgery,General Hospital,San Antonio,Senior Registrar,linda.scott@example.com,506-420-1341x8358,Linda_password,default-dp.jgp
Kevin,Mckenzie,Hematology,General Hospital,Chicago,House Officer,kevin.mckenzie@example.com,+1-762-969-2046x579,Kevin_password,default-dp.jgp
Eric,Morris,Orthopedics,University Medical Center,Phoenix,House Officer,eric.morris@example.com,(237)759-6838x3227,Eric_password,default-dp.jgp
Robert,Morris,Pediatrics,Children's Hospital,San Antonio,House Officer,robert.morris@example.com,(830)335-0075,Robert_password,default-dp.jgp
William,Beck,Neurology,General Hospital,Houston,Consultant,william.beck@example.com,(423)495-8095x034,William_password,default-dp.jgp
Connor,Phillips,Orthopedics,Veterans Affairs Hospital,Houston,Registrar,connor.phillips@example.com,+1-414-927-8115x2991,Connor_password,default-dp.jgp
Miranda,Stephenson,Urology,Veterans Affairs Hospital,Houston,Registrar,miranda.stephenson@example.com,001-554-309-2570x2710,Miranda_password,default-dp.jgp
Susan,Lewis,Hematology,Veterans Affairs Hospital,New York,Senior Registrar,susan.lewis@example.com,752-495-0383x432,Susan_password,default-dp.jgp
Lisa,Guzman,Dermatology,Veterans Affairs Hospital,Phoenix,House Officer,lisa.guzman@example.com,001-488-317-5337x83160,Lisa_password,default-dp.jgp
Samantha,Massey,Psychiatry,City Hospital,San Antonio,Consultant,samantha.massey@example.com,+1-326-515-7717x55359,Samantha_password,default-dp.jgp
George,Bullock,Pediatrics,Veterans Affairs Hospital,Dallas,Consultant,george.bullock@example.com,630.572.5523,George_password,default-dp.jgp
Amy,Allen,Surgery,City Hospital,New York,Senior Registrar,amy.allen@regionalmedicalcenter.com,934.160.0065x8273,Amy_password,default-dp.jgp
Anthony,Gonzalez,Surgery,Children's Hospital,Houston,Senior Registrar,anthony.gonzalez@example.com,211.985.5676x77680,Anthony_password,default-dp.jgp
James,Hamilton,Radiology,Veterans Affairs Hospital,Dallas,Consultant,james.hamilton@example.com,075.098.2347,James_password,default-dp.jgp
Bethany,Cox,Endocrinology,Regional Medical Center,San Antonio,House Officer,bethany.cox@example.com,992-743-9179,Bethany_password,default-dp.jgp
Andrew,Tyler,Emergency Medicine,Saint Mary's Hospital,Los Angeles,Registrar,andrew.tyler@example.com,997-722-0169x266,Andrew_password,default-dp.jgp
John,Lindsey,Cardiology,Saint Mary's Hospital,New York,House Officer,john.lindsey@example.com,237.502.8706x14939,John_password,default-dp.jgp
Eric,Sims,Urology,Metropolitan Hospital,San Jose,Senior Registrar,eric.sims@example.com,+1-408-193-0648x857,Eric_password,default-dp.jgp
Gina,Lyons,Hematology,Children's Hospital,Dallas,Senior Registrar,gina.lyons@example.com,+1-480-330-0437x177,Gina_password,default-dp.jgp
Emily,Garza,Surgery,Children's Hospital,Chicago,Senior Registrar,emily.garza@example.com,084-419-0632x056,Emily_password,default-dp.jgp
David,Williams,Urology,Regional Medical Center,Phoenix,Senior Registrar,david.williams@example.com,+1-095-083-8754x6176,David_password,default-dp.jgp
Joseph,Barber,Urology,Saint Mary's Hospital,Houston,Senior Registrar,joseph.barber@example.com,001-330-031-3966,Joseph_password,default-dp.jgp
Ann,Morris,Psychiatry,Metropolitan Hospital,New York,Senior Registrar,ann.morris@example.com,8727381896,Ann_password,default-dp.jgp
Connor,Butler,Emergency Medicine,Children's Hospital,San Diego,Registrar,connor.butler@example.com,755.302.1514,Connor_password,default-dp.jgp
Douglas,Willis,Endocrinology,County General,Dallas,Junior Registrar,douglas.willis@saintmary'shospital.com,+1-606-387-7580x11755,Douglas_password,default-dp.jgp
Mary,Hall,Urology,Children's Hospital,San Jose,House Officer,mary.hall@example.com,905-807-8324,Mary_password,default-dp.jgp
Nathan,Ward,Neurology,Community Health Center,Houston,Senior Registrar,nathan.ward@metropolitanhospital.com,656-600-1048,Nathan_password,default-dp.jgp
Claudia,Moore,Psychiatry,County General,Chicago,Consultant,claudia.moore@example.com,(835)598-7368x289,Claudia_password,default-dp.jgp
Virginia,Lewis,Oncology,General Hospital,Chicago,House Officer,virginia.lewis@example.com,-6991,Virginia_password,default-dp.jgp
Amy,Kennedy,Urology,Regional Medical Center,San Antonio,Consultant,amy.kennedy@example.com,+1-162-916-6226x94592,Amy_password,default-dp.jgp
Susan,Pacheco,Hematology,General Hospital,San Jose,Registrar,susan.pacheco@example.com,+1-135-349-6454x02133,Susan_password,default-dp.jgp
Steven,Bennett,Emergency Medicine,County General,Los Angeles,Senior Registrar,steven.bennett@example.com,001-244-718-9287,Steven_password,default-dp.jgp
Brett,Mcdonald,Surgery,City Hospital,Philadelphia,Senior Registrar,brett.mcdonald@example.com,769-096-5311x7889,Brett_password,default-dp.jgp
Diane,Rowe,Psychiatry,Veterans Affairs Hospital,Chicago,House Officer,diane.rowe@example.com,813.922.8231x147,Diane_password,default-dp.jgp
Joseph,Allen,Dermatology,Metropolitan Hospital,Philadelphia,Registrar,joseph.allen@example.com,768.067.3325,Joseph_password,default-dp.jgp
Richard,Griffin,Urology,County General,Houston,Junior Registrar,richard.griffin@example.com,001-863-203-9557x697,Richard_password,default-dp.jgp
Felicia,Armstrong,Pediatrics,Community Health Center,Phoenix,Junior Registrar,felicia.armstrong@example.com,-5860,Felicia_password,default-dp.jgp
Christopher,Roy,Cardiology,Metropolitan Hospital,Phoenix,Senior Registrar,christopher.roy@example.com,116.582.8337,Christopher_password,default-dp.jgp
Cynthia,Cross,Psychiatry,Children's Hospital,Phoenix,Senior Registrar,cynthia.cross@example.com,064-782-7994x4726,Cynthia_password,default-dp.jgp
Lisa,Johnson,Surgery,Metropolitan Hospital,San Antonio,Registrar,lisa.johnson@saintmary'shospital.com,525-851-5259x9548,Lisa_password,default-dp.jgp
Diana,Meyer,Radiology,General Hospital,San Diego,House Officer,diana.meyer@example.com,416.374.5453,Diana_password,default-dp.jgp
William,Davis,Urology,County General,San Jose,Junior Registrar,william.davis@example.com,001-635-400-6678x72342,William_password,default-dp.jgp
Cody,Estes,Psychiatry,Metropolitan Hospital,San Diego,Senior Registrar,cody.estes@example.com,-3672,Cody_password,default-dp.jgp
Chase,Schroeder,Endocrinology,University Medical Center,Dallas,House Officer,chase.schroeder@example.com,204.671.0376x8333,Chase_password,default-dp.jgp
Ernest,Brown,Hematology,Children's Hospital,San Diego,Junior Registrar,ernest.brown@example.com,462.928.2991,Ernest_password,default-dp.jgp
Jeffrey,Green,Psychiatry,Community Health Center,Philadelphia,Registrar,jeffrey.green@example.com,+1-466-449-1912x25276,Jeffrey_password,default-dp.jgp
Lisa,Graves,Endocrinology,Children's Hospital,Chicago,Junior Registrar,lisa.graves@example.com,7308535162,Lisa_password,default-dp.jgp
Terry,Rodriguez,Hematology,Children's Hospital,Philadelphia,Junior Registrar,terry.rodriguez@example.com,+1-867-380-3864x889,Terry_password,default-dp.jgp
Robin,Mason,Cardiology,Saint Mary's Hospital,Los Angeles,Registrar,robin.mason@example.com,853-970-9580,Robin_password,default-dp.jgp
Ricardo,Johnson,Radiology,Regional Medical Center,Dallas,Consultant,ricardo.johnson@example.com,918-819-4062x45153,Ricardo_password,default-dp.jgp
Rebecca,Rodriguez,Cardiology,County General,Houston,House Officer,rebecca.rodriguez@example.com,4267555605,Rebecca_password,default-dp.jgp
Kristen,Williams,Gastroenterology,Veterans Affairs Hospital,Los Angeles,Registrar,kristen.williams@example.com,+1-694-500-4167x4664,Kristen_password,default-dp.jgp
Michael,Camacho,Psychiatry,City Hospital,Los Angeles,Consultant,michael.camacho@example.com,701-625-3834,Michael_password,default-dp.jgp
Oscar,Moore,Pediatrics,General Hospital,Chicago,Registrar,oscar.moore@example.com,5681810344,Oscar_password,default-dp.jgp
Samuel,Brown,Pediatrics,General Hospital,Los Angeles,House Officer,samuel.brown@example.com,001-535-579-2557,Samuel_password,default-dp.jgp
Stephen,Walker,Neurology,University Medical Center,Houston,Senior Registrar,stephen.walker@example.com,6237448925,Stephen_password,default-dp.jgp
James,Alvarez,Orthopedics,County General,Houston,Registrar,james.alvarez@example.com,046.734.3106x211,James_password,default-dp.jgp
Eric,Hubbard,Urology,City Hospital,San Diego,Consultant,eric.hubbard@example.com,6760279510,Eric_password,default-dp.jgp
Eric,Thomas,Oncology,Saint Mary's Hospital,Philadelphia,Senior Registrar,eric.thomas@example.com,9677057442,Eric_password,default-dp.jgp
Noah,Mason,Radiology,Children's Hospital,Philadelphia,Senior Registrar,noah.mason@communityhealthcenter.com,001-666-484-2287x007,Noah_password,default-dp.jgp
Jennifer,Harris,Hematology,Veterans Affairs Hospital,Dallas,Consultant,jennifer.harris@generalhospital.com,917.503.6117x35221,Jennifer_password,default-dp.jgp
Joanne,Alexander,Orthopedics,County General,Dallas,Registrar,joanne.alexander@children'shospital.com,003-598-0511x165,Joanne_password,default-dp.jgp
Joshua,Perez,Emergency Medicine,Metropolitan Hospital,Houston,Consultant,joshua.perez@example.com,434-533-3244x6569,Joshua_password,default-dp.jgp
Brenda,Dudley,Oncology,Community Health Center,New York,Senior Registrar,brenda.dudley@example.com,(555)857-5474,Brenda_password,default-dp.jgp
Joshua,Sweeney,Urology,Saint Mary's Hospital,San Jose,Consultant,joshua.sweeney@example.com,735.515.7715,Joshua_password,default-dp.jgp
Antonio,Scott,Neurology,Saint Mary's Hospital,Philadelphia,Junior Registrar,antonio.scott@example.com,9490142733,Antonio_password,default-dp.jgp
Pamela,Williams,Oncology,Community Health Center,Philadelphia,Registrar,pamela.williams@example.com,133.227.6498x30755,Pamela_password,default-dp.jgp
Kevin,Flowers,Orthopedics,Children's Hospital,Chicago,Junior Registrar,kevin.flowers@example.com,122-800-5943x10002,Kevin_password,default-dp.jgp
Destiny,Andrews,Surgery,City Hospital,Phoenix,House Officer,destiny.andrews@example.com,(248)654-4958x4098,Destiny_password,default-dp.jgp
Katie,Saunders,Cardiology,City Hospital,San Jose,Consultant,katie.saunders@example.com,149.136.1077,Katie_password,default-dp.jgp
Matthew,Torres,Gastroenterology,Metropolitan Hospital,Dallas,House Officer,matthew.torres@example.com,(761)632-5900x14097,Matthew_password,default-dp.jgp
Brenda,Thompson,Surgery,County General,San Antonio,House Officer,brenda.thompson@example.com,500-454-6338,Brenda_password,default-dp.jgp
Stephen,Lopez,Neurology,Veterans Affairs Hospital,New York,Consultant,stephen.lopez@example.com,001-169-841-4487,Stephen_password,default-dp.jgp
Jessica,Adkins,Dermatology,University Medical Center,San Antonio,House Officer,jessica.adkins@example.com,594.574.7740x36861,Jessica_password,default-dp.jgp
Jeremy,Guzman,Urology,General Hospital,San Jose,Junior Registrar,jeremy.guzman@example.com,(062)136-7193x467,Jeremy_password,default-dp.jgp
Amanda,Thompson,Cardiology,Veterans Affairs Hospital,Dallas,Senior Registrar,amanda.thompson@example.com,(494)612-7274,Amanda_password,default-dp.jgp
Stephanie,Turner,Oncology,Saint Mary's Hospital,Dallas,Junior Registrar,stephanie.turner@example.com,729-140-6983x723,Stephanie_password,default-dp.jgp
Joseph,Strickland,Neurology,Saint Mary's Hospital,Philadelphia,Consultant,joseph.strickland@example.com,+1-086-388-4576x4174,Joseph_password,default-dp.jgp
James,King,Gastroenterology,Saint Mary's Hospital,Los Angeles,Junior Registrar,james.king@example.com,545-580-7494,James_password,default-dp.jgp
Angela,Garrett,Cardiology,County General,San Antonio,Registrar,angela.garrett@example.com,715-051-7587x586,Angela_password,default-dp.jgp
David,Spears,Urology,County General,Dallas,House Officer,david.spears@example.com,1065248761,David_password,default-dp.jgp
Jennifer,Boyd,Oncology,County General,Philadelphia,Senior Registrar,jennifer.boyd@example.com,001-471-612-7657,Jennifer_password,default-dp.jgp
Amanda,Warren,Oncology,Saint Mary's Hospital,San Antonio,Senior Registrar,amanda.warren@example.com,826-234-7563x1091,Amanda_password,default-dp.jgp
Patrick,Sanchez,Surgery,Metropolitan Hospital,Dallas,Junior Registrar,patrick.sanchez@example.com,(123)436-8745,Patrick_password,default-dp.jgp
Kenneth,Leon,Pediatrics,Veterans Affairs Hospital,Chicago,Senior Registrar,kenneth.leon@example.com,4559738074,Kenneth_password,default-dp.jgp
Frank,Baker,Pediatrics,Metropolitan Hospital,Dallas,Consultant,frank.baker@veteransaffairshospital.com,+1-837-356-2963x2009,Frank_password,default-dp.jgp
Alexandria,Garcia,Gastroenterology,Metropolitan Hospital,Houston,Senior Registrar,alexandria.garcia@example.com,+1-253-109-0842x7047,Alexandria_password,default-dp.jgp
Megan,Jennings,Dermatology,Saint Mary's Hospital,Los Angeles,House Officer,megan.jennings@example.com,175-361-4995,Megan_password,default-dp.jgp
Thomas,Fox,Oncology,County General,San Antonio,House Officer,thomas.fox@example.com,192.052.0083x6452,Thomas_password,default-dp.jgp
Travis,Martin,Orthopedics,Saint Mary's Hospital,Los Angeles,Senior Registrar,travis.martin@example.com,5950392562,Travis_password,default-dp.jgp
Wanda,Logan,Orthopedics,Children's Hospital,San Antonio,Consultant,wanda.logan@example.com,001-959-089-6887x5327,Wanda_password,default-dp.jgp
Victoria,Fox,Endocrinology,General Hospital,San Diego,House Officer,victoria.fox@example.com,7657707993,Victoria_password,default-dp.jgp
Paula,Cuevas,Gastroenterology,Regional Medical Center,Phoenix,Junior Registrar,paula.cuevas@example.com,001-378-691-4333x164,Paula_password,default-dp.jgp
Lisa,Smith,Hematology,County General,New York,House Officer,lisa.smith@example.com,001-059-894-4367x27365,Lisa_password,default-dp.jgp
Michelle,Hatfield,Endocrinology,Metropolitan Hospital,New York,Junior Registrar,michelle.hatfield@example.com,170.789.0642x5212,Michelle_password,default-dp.jgp
Craig,Evans,Orthopedics,City Hospital,Dallas,Junior Registrar,craig.evans@example.com,001-507-584-5155x0383,Craig_password,default-dp.jgp
Laura,Johnson,Dermatology,Children's Hospital,Dallas,Junior Registrar,laura.johnson@metropolitanhospital.com,811.628.4670x4706,Laura_password,default-dp.jgp
Jessica,Evans,Cardiology,Children's Hospital,San Jose,Consultant,jessica.evans@example.com,051.861.3937x5615,Jessica_password,default-dp.jgp
Kenneth,Davis,Cardiology,Regional Medical Center,Houston,Consultant,kenneth.davis@example.com,+1-264-747-9575x353,Kenneth_password,default-dp.jgp
Dalton,Frank,Orthopedics,County General,San Antonio,Consultant,dalton.frank@example.com,+1-477-757-6380x29924,Dalton_password,default-dp.jgp
Nicholas,Edwards,Cardiology,Children's Hospital,Houston,Junior Registrar,nicholas.edwards@example.com,001-307-110-4042x3996,Nicholas_password,default-dp.jgp
Lindsay,Nichols,Urology,Veterans Affairs Hospital,Dallas,Consultant,lindsay.nichols@example.com,001-358-979-3447,Lindsay_password,default-dp.jgp
Allison,Schneider,Radiology,City Hospital,San Jose,Senior Registrar,allison.schneider@saintmary'shospital.com,313-521-9125x688,Allison_password,default-dp.jgp
Angela,Turner,Urology,University Medical Center,Houston,Registrar,angela.turner@example.com,(943)045-5324x117,Angela_password,default-dp.jgp
Nicole,Ramos,Pediatrics,Veterans Affairs Hospital,Los Angeles,Consultant,nicole.ramos@example.com,001-586-136-4974x4190,Nicole_password,default-dp.jgp
Amanda,Hogan,Oncology,University Medical Center,Los Angeles,Consultant,amanda.hogan@example.com,464-766-8531x34952,Amanda_password,default-dp.jgp
Amanda,Flores,Dermatology,Metropolitan Hospital,New York,Consultant,amanda.flores@example.com,001-501-104-7759,Amanda_password,default-dp.jgp
Charles,Morrison,Emergency Medicine,University Medical Center,Phoenix,Registrar,charles.morrison@example.com,4913715917,Charles_password,default-dp.jgp
Stanley,Gray,Oncology,Community Health Center,Chicago,Senior Registrar,stanley.gray@example.com,(074)271-8236x37760,Stanley_password,default-dp.jgp
Travis,Jones,Endocrinology,University Medical Center,New York,Senior Registrar,travis.jones@example.com,250.757.6399x0036,Travis_password,default-dp.jgp
Tamara,Gallegos,Pediatrics,Metropolitan Hospital,Chicago,Consultant,tamara.gallegos@example.com,395.117.6163,Tamara_password,default-dp.jgp
Cassandra,Russell,Gastroenterology,Children's Hospital,New York,Junior Registrar,cassandra.russell@example.com,051.663.8778x9587,Cassandra_password,default-dp.jgp
Alexandra,Owen,Gastroenterology,General Hospital,Los Angeles,Junior Registrar,alexandra.owen@example.com,631-972-5613x268,Alexandra_password,default-dp.jgp
Abigail,Moore,Urology,Veterans Affairs Hospital,San Antonio,House Officer,abigail.moore@example.com,(457)355-7332x378,Abigail_password,default-dp.jgp
Lisa,Silva,Psychiatry,Veterans Affairs Hospital,New York,Senior Registrar,lisa.silva@example.com,(128)360-5025,Lisa_password,default-dp.jgp
Jason,Cohen,Neurology,University Medical Center,San Jose,House Officer,jason.cohen@example.com,535-051-8163x97740,Jason_password,default-dp.jgp
Ronnie,May,Emergency Medicine,County General,San Jose,House Officer,ronnie.may@countygeneral.com,001-992-721-9977x134,Ronnie_password,default-dp.jgp
Devon,Chambers,Radiology,General Hospital,San Jose,Consultant,devon.chambers@example.com,(781)564-4783x867,Devon_password,default-dp.jgp
Adam,Aguilar,Orthopedics,University Medical Center,New York,Consultant,adam.aguilar@example.com,+1-926-638-5659x457,Adam_password,default-dp.jgp
Patricia,Mcdonald,Psychiatry,County General,San Jose,Consultant,patricia.mcdonald@example.com,001-375-981-5570,Patricia_password,default-dp.jgp
Blake,Anderson,Gastroenterology,University Medical Center,Houston,Registrar,blake.anderson@example.com,+1-842-545-3781x3421,Blake_password,default-dp.jgp
Denise,Estes,Gastroenterology,General Hospital,San Antonio,Senior Registrar,denise.estes@example.com,(348)604-6419,Denise_password,default-dp.jgp
Nancy,Anderson,Cardiology,County General,San Diego,Junior Registrar,nancy.anderson@example.com,001-840-326-2784x77208,Nancy_password,default-dp.jgp
Krystal,Brown,Gastroenterology,Children's Hospital,Philadelphia,Senior Registrar,krystal.brown@example.com,+1-010-403-0210x72424,Krystal_password,default-dp.jgp
Eric,Krueger,Neurology,Community Health Center,Phoenix,Registrar,eric.krueger@example.com,001-799-354-0151x22452,Eric_password,default-dp.jgp
Cory,Brown,Dermatology,Saint Mary's Hospital,San Jose,Senior Registrar,cory.brown@example.com,+1-416-767-9378x895,Cory_password,default-dp.jgp
Mark,Ryan,Surgery,University Medical Center,San Antonio,Registrar,mark.ryan@example.com,237-725-3924x203,Mark_password,default-dp.jgp
Jeffrey,Zuniga,Dermatology,County General,New York,Senior Registrar,jeffrey.zuniga@example.com,001-080-212-6015x3781,Jeffrey_password,default-dp.jgp
Mark,Flores,Psychiatry,Regional Medical Center,Chicago,Junior Registrar,mark.flores@example.com,302.708.0772,Mark_password,default-dp.jgp
Kristin,Mullins,Dermatology,County General,Dallas,Junior Registrar,kristin.mullins@example.com,570-976-7821x1009,Kristin_password,default-dp.jgp
Jeffrey,Morgan,Endocrinology,Children's Hospital,Phoenix,Senior Registrar,jeffrey.morgan@example.com,(229)117-6506,Jeffrey_password,default-dp.jgp
Hector,Knight,Dermatology,Children's Hospital,San Diego,House Officer,hector.knight@example.com,-5574,Hector_password,default-dp.jgp
Joshua,Hall,Emergency Medicine,General Hospital,Chicago,House Officer,joshua.hall@example.com,001-148-906-1534x6926,Joshua_password,default-dp.jgp
Eric,Conley,Emergency Medicine,Community Health Center,San Jose,Consultant,eric.conley@example.com,731.546.4934,Eric_password,default-dp.jgp
Brooke,Smith,Cardiology,Community Health Center,Philadelphia,Registrar,brooke.smith@example.com,3659276739,Brooke_password,default-dp.jgp
Dominique,Ferguson,Neurology,General Hospital,Houston,Consultant,dominique.ferguson@example.com,693.128.2445,Dominique_password,default-dp.jgp
Janet,Cardenas,Radiology,Veterans Affairs Hospital,Houston,Junior Registrar,janet.cardenas@example.com,914.171.8247x91938,Janet_password,default-dp.jgp
Clayton,Daniels,Endocrinology,Metropolitan Hospital,Dallas,Senior Registrar,clayton.daniels@example.com,999-308-7324,Clayton_password,default-dp.jgp
Elizabeth,Williams,Oncology,General Hospital,Los Angeles,Registrar,elizabeth.williams@example.com,5295082470,Elizabeth_password,default-dp.jgp
Heather,Le,Orthopedics,University Medical Center,San Diego,Consultant,heather.le@countygeneral.com,+1-517-305-6096x45134,Heather_password,default-dp.jgp
Jason,Lopez,Pediatrics,Regional Medical Center,Dallas,Junior Registrar,jason.lopez@example.com,(148)249-4595,Jason_password,default-dp.jgp
Christopher,Allen,Oncology,Saint Mary's Hospital,Chicago,Senior Registrar,christopher.allen@example.com,001-415-202-5872,Christopher_password,default-dp.jgp
Renee,Vazquez,Dermatology,Children's Hospital,Los Angeles,House Officer,renee.vazquez@example.com,106.009.7701x82744,Renee_password,default-dp.jgp
Susan,Mason,Gastroenterology,Children's Hospital,Dallas,Senior Registrar,susan.mason@example.com,418.812.6544x3639,Susan_password,default-dp.jgp
Michele,Williams,Radiology,Regional Medical Center,Houston,Junior Registrar,michele.williams@example.com,(945)325-5887x3334,Michele_password,default-dp.jgp
Susan,Gutierrez,Dermatology,City Hospital,Houston,Registrar,susan.gutierrez@example.com,750.978.9482x274,Susan_password,default-dp.jgp
Aaron,Rowe,Radiology,Veterans Affairs Hospital,New York,Junior Registrar,aaron.rowe@example.com,001-916-137-5705x0227,Aaron_password,default-dp.jgp
Tiffany,Robertson,Pediatrics,Community Health Center,San Antonio,Registrar,tiffany.robertson@saintmary'shospital.com,(718)782-7758,Tiffany_password,default-dp.jgp
Derek,Diaz,Urology,Saint Mary's Hospital,Philadelphia,House Officer,derek.diaz@generalhospital.com,(416)724-6506,Derek_password,default-dp.jgp
Sandra,Hart,Cardiology,City Hospital,Chicago,Registrar,sandra.hart@example.com,001-001-057-7559x5229,Sandra_password,default-dp.jgp
Warren,Price,Endocrinology,Regional Medical Center,San Antonio,Consultant,warren.price@example.com,416.903.8001,Warren_password,default-dp.jgp
Elizabeth,Beltran,Emergency Medicine,Veterans Affairs Hospital,San Antonio,Registrar,elizabeth.beltran@example.com,086.355.8514,Elizabeth_password,default-dp.jgp
Carl,Joyce,Orthopedics,Saint Mary's Hospital,Dallas,Consultant,carl.joyce@example.com,(097)004-0937x9387,Carl_password,default-dp.jgp
Krista,Rose,Urology,City Hospital,San Diego,House Officer,krista.rose@example.com,119-020-2088x283,Krista_password,default-dp.jgp
Tracy,Steele,Hematology,Metropolitan Hospital,San Antonio,Consultant,tracy.steele@example.com,+1-596-263-5554x994,Tracy_password,default-dp.jgp
Kevin,Sharp,Endocrinology,City Hospital,San Antonio,Junior Registrar,kevin.sharp@example.com,8851380693,Kevin_password,default-dp.jgp
Jacqueline,Wells,Dermatology,University Medical Center,San Jose,House Officer,jacqueline.wells@example.com,(375)570-2208x26024,Jacqueline_password,default-dp.jgp
Justin,Ray,Pediatrics,University Medical Center,New York,Junior Registrar,justin.ray@example.com,430.897.3896x87043,Justin_password,default-dp.jgp
Charles,Sandoval,Pediatrics,Children's Hospital,San Jose,Junior Registrar,charles.sandoval@example.com,4676919799,Charles_password,default-dp.jgp
Rodney,Jackson,Cardiology,Regional Medical Center,Houston,Junior Registrar,rodney.jackson@example.com,001-075-092-2085,Rodney_password,default-dp.jgp
Christopher,Gomez,Radiology,City Hospital,Dallas,Senior Registrar,christopher.gomez@example.com,(958)222-9070x265,Christopher_password,default-dp.jgp
Gregory,Russell,Endocrinology,County General,San Diego,Junior Registrar,gregory.russell@example.com,+1-206-625-8039x7294,Gregory_password,default-dp.jgp
Shawn,Leon,Radiology,City Hospital,New York,Registrar,shawn.leon@example.com,(045)342-4170,Shawn_password,default-dp.jgp
William,Phillips,Neurology,City Hospital,Dallas,Consultant,william.phillips@example.com,1222916227,William_password,default-dp.jgp
Debra,Juarez,Pediatrics,Children's Hospital,New York,Junior Registrar,debra.juarez@example.com,001-564-973-5617x38684,Debra_password,default-dp.jgp
Terri,Mcconnell,Oncology,General Hospital,Houston,House Officer,terri.mcconnell@example.com,001-297-552-5668x5597,Terri_password,default-dp.jgp
Gabrielle,Edwards,Oncology,County General,San Jose,Consultant,gabrielle.edwards@example.com,-2796,Gabrielle_password,default-dp.jgp
Corey,Warren,Cardiology,Children's Hospital,Los Angeles,Junior Registrar,corey.warren@example.com,(097)375-2956,Corey_password,default-dp.jgp
Mark,Nash,Psychiatry,City Hospital,New York,House Officer,mark.nash@example.com,001-767-365-9473,Mark_password,default-dp.jgp
Kylie,Coleman,Endocrinology,Children's Hospital,Los Angeles,House Officer,kylie.coleman@example.com,(732)241-1811,Kylie_password,default-dp.jgp
Christopher,Dyer,Emergency Medicine,Veterans Affairs Hospital,Chicago,House Officer,christopher.dyer@example.com,(810)040-0818x230,Christopher_password,default-dp.jgp
Zachary,Cain,Neurology,City Hospital,Philadelphia,House Officer,zachary.cain@example.com,001-300-663-1083,Zachary_password,default-dp.jgp
Lynn,Zimmerman,Oncology,Metropolitan Hospital,Chicago,Senior Registrar,lynn.zimmerman@example.com,444.476.1569x31943,Lynn_password,default-dp.jgp
Juan,Spencer,Radiology,Metropolitan Hospital,San Antonio,House Officer,juan.spencer@example.com,300-509-1017x829,Juan_password,default-dp.jgp
Christina,Durham,Oncology,Veterans Affairs Hospital,New York,Junior Registrar,christina.durham@example.com,(023)214-3704,Christina_password,default-dp.jgp
Megan,Williams,Psychiatry,Regional Medical Center,Philadelphia,House Officer,megan.williams@example.com,902.345.2574x234,Megan_password,default-dp.jgp
Bradley,Ramos,Emergency Medicine,Saint Mary's Hospital,Philadelphia,House Officer,bradley.ramos@example.com,369-940-4762x78897,Bradley_password,default-dp.jgp
Andrew,Douglas,Endocrinology,Community Health Center,Phoenix,Registrar,andrew.douglas@example.com,608-429-2268,Andrew_password,default-dp.jgp
David,Sanchez,Dermatology,County General,Chicago,Senior Registrar,david.sanchez@example.com,(134)772-2231,David_password,default-dp.jgp
Carrie,Baker,Radiology,County General,San Diego,Registrar,carrie.baker@example.com,5125058396,Carrie_password,default-dp.jgp
Stephanie,Jackson,Oncology,County General,San Antonio,Junior Registrar,stephanie.jackson@example.com,(852)061-7292,Stephanie_password,default-dp.jgp
Jeffrey,Moran,Psychiatry,County General,New York,Senior Registrar,jeffrey.moran@example.com,777-271-9959x2786,Jeffrey_password,default-dp.jgp
Robin,White,Orthopedics,Children's Hospital,San Jose,Consultant,robin.white@example.com,619011864,Robin_password,default-dp.jgp
Katherine,Maldonado,Endocrinology,Regional Medical Center,Phoenix,Junior Registrar,katherine.maldonado@example.com,(226)232-1417,Katherine_password,default-dp.jgp
Jennifer,Chan,Surgery,Regional Medical Center,San Jose,House Officer,jennifer.chan@example.com,+1-086-344-1443x7170,Jennifer_password,default-dp.jgp
Stephanie,Olson,Cardiology,General Hospital,San Jose,Junior Registrar,stephanie.olson@example.com,331-052-8601x41808,Stephanie_password,default-dp.jgp
Robert,Kane,Neurology,University Medical Center,Chicago,Senior Registrar,robert.kane@example.com,746-029-1246,Robert_password,default-dp.jgp
Robert,Miller,Urology,City Hospital,Chicago,Registrar,robert.miller@example.com,703-871-2806,Robert_password,default-dp.jgp
Matthew,Gillespie,Pediatrics,Saint Mary's Hospital,San Diego,Consultant,matthew.gillespie@example.com,286-976-5924,Matthew_password,default-dp.jgp
Keith,Oneill,Dermatology,City Hospital,San Jose,Senior Registrar,keith.oneill@example.com,991.225.7686,Keith_password,default-dp.jgp
Tyler,Murphy,Endocrinology,Children's Hospital,San Diego,Junior Registrar,tyler.murphy@example.com,+1-654-186-3715x42339,Tyler_password,default-dp.jgp
Valerie,Hernandez,Pediatrics,Children's Hospital,San Diego,Registrar,valerie.hernandez@example.com,001-416-881-7031x71359,Valerie_password,default-dp.jgp
Kevin,Nunez,Neurology,City Hospital,Los Angeles,House Officer,kevin.nunez@example.com,(563)400-8096,Kevin_password,default-dp.jgp
Laurie,Kim,Pediatrics,County General,Houston,House Officer,laurie.kim@example.com,(992)950-4059,Laurie_password,default-dp.jgp
Michael,Hernandez,Psychiatry,Community Health Center,Dallas,Consultant,michael.hernandez@example.com,280.197.7960x61447,Michael_password,default-dp.jgp
Savannah,Nelson,Hematology,Veterans Affairs Hospital,Phoenix,Consultant,savannah.nelson@example.com,001-350-736-8517,Savannah_password,default-dp.jgp
Lauren,Riggs,Surgery,Regional Medical Center,San Jose,Consultant,lauren.riggs@communityhealthcenter.com,167.889.3109x88811,Lauren_password,default-dp.jgp
Tina,Osborn,Dermatology,University Medical Center,Los Angeles,Junior Registrar,tina.osborn@example.com,(736)749-1222x609,Tina_password,default-dp.jgp
Mathew,David,Emergency Medicine,Metropolitan Hospital,Phoenix,Junior Registrar,mathew.david@example.com,(178)415-5227x412,Mathew_password,default-dp.jgp
Miguel,Hurst,Urology,Community Health Center,San Antonio,House Officer,miguel.hurst@cityhospital.com,697-898-9444,Miguel_password,default-dp.jgp
Angela,Dalton,Pediatrics,Saint Mary's Hospital,Dallas,Senior Registrar,angela.dalton@example.com,(977)729-4642x82647,Angela_password,default-dp.jgp
Kimberly,Santiago,Cardiology,City Hospital,San Diego,House Officer,kimberly.santiago@example.com,533-675-4433x27872,Kimberly_password,default-dp.jgp
Steve,Taylor,Pediatrics,City Hospital,Los Angeles,Registrar,steve.taylor@example.com,723.867.7899x4217,Steve_password,default-dp.jgp
Victoria,Davila,Gastroenterology,Regional Medical Center,San Antonio,Senior Registrar,victoria.davila@example.com,(153)853-2398,Victoria_password,default-dp.jgp
Jerry,Lyons,Radiology,Regional Medical Center,Dallas,Registrar,jerry.lyons@example.com,+1-202-567-0275x46870,Jerry_password,default-dp.jgp
Michael,Cox,Radiology,Community Health Center,Phoenix,House Officer,michael.cox@example.com,825.832.4345x10971,Michael_password,default-dp.jgp
Ashley,White,Oncology,City Hospital,San Antonio,Registrar,ashley.white@example.com,4276991297,Ashley_password,default-dp.jgp
Vanessa,Mcgrath,Oncology,Veterans Affairs Hospital,San Diego,Junior Registrar,vanessa.mcgrath@example.com,(235)530-8003x9305,Vanessa_password,default-dp.jgp
Jose,Carter,Emergency Medicine,County General,Los Angeles,House Officer,jose.carter@example.com,+1-400-290-1046x71729,Jose_password,default-dp.jgp
Ariel,Willis,Surgery,University Medical Center,Dallas,Junior Registrar,ariel.willis@example.com,+1-231-242-6488x630,Ariel_password,default-dp.jgp
Jennifer,Crane,Oncology,Saint Mary's Hospital,Houston,Consultant,jennifer.crane@example.com,987-970-9209,Jennifer_password,default-dp.jgp
Alex,Ford,Urology,Community Health Center,Los Angeles,Consultant,alex.ford@example.com,(705)792-8918x6445,Alex_password,default-dp.jgp
Charles,Hamilton,Urology,General Hospital,San Jose,House Officer,charles.hamilton@countygeneral.com,(764)873-6157x073,Charles_password,default-dp.jgp
Paul,Matthews,Surgery,City Hospital,San Jose,Junior Registrar,paul.matthews@example.com,1424036639,Paul_password,default-dp.jgp
Jodi,Matthews,Hematology,Metropolitan Hospital,San Antonio,Registrar,jodi.matthews@example.com,001-361-272-6078,Jodi_password,default-dp.jgp
Brenda,Miller,Urology,University Medical Center,Los Angeles,Senior Registrar,brenda.miller@example.com,001-005-478-4938x3258,Brenda_password,default-dp.jgp
Bryan,Fuentes,Dermatology,Veterans Affairs Hospital,San Diego,Junior Registrar,bryan.fuentes@example.com,492-617-3354x89803,Bryan_password,default-dp.jgp
Christopher,Reynolds,Surgery,Regional Medical Center,Phoenix,Senior Registrar,christopher.reynolds@example.com,972-607-6849x746,Christopher_password,default-dp.jgp
Rachel,Graves,Urology,County General,New York,Registrar,rachel.graves@example.com,+1-983-753-6597x37756,Rachel_password,default-dp.jgp
Craig,Chavez,Orthopedics,Saint Mary's Hospital,New York,Senior Registrar,craig.chavez@example.com,001-257-102-1728x379,Craig_password,default-dp.jgp
James,Duncan,Dermatology,Regional Medical Center,Philadelphia,House Officer,james.duncan@communityhealthcenter.com,+1-350-048-5696x962,James_password,default-dp.jgp
James,Griffith,Radiology,Children's Hospital,Houston,Senior Registrar,james.griffith@example.com,001-708-878-9439x304,James_password,default-dp.jgp
Crystal,Watkins,Emergency Medicine,Veterans Affairs Hospital,San Diego,Senior Registrar,crystal.watkins@example.com,+1-471-829-2141x86687,Crystal_password,default-dp.jgp
Rebecca,Graham,Oncology,City Hospital,Phoenix,House Officer,rebecca.graham@example.com,(048)696-3894x505,Rebecca_password,default-dp.jgp
Rickey,Davis,Gastroenterology,University Medical Center,San Jose,Registrar,rickey.davis@example.com,(437)122-0246x545,Rickey_password,default-dp.jgp
Jeremy,Douglas,Emergency Medicine,General Hospital,San Diego,Consultant,jeremy.douglas@universitymedicalcenter.com,(999)324-1534x82532,Jeremy_password,default-dp.jgp
Dean,Brown,Urology,Regional Medical Center,Philadelphia,Consultant,dean.brown@example.com,832-998-2193,Dean_password,default-dp.jgp
Matthew,Nicholson,Emergency Medicine,Community Health Center,Phoenix,Registrar,matthew.nicholson@example.com,(982)819-8431x05505,Matthew_password,default-dp.jgp
Paul,Franklin,Urology,Regional Medical Center,San Diego,Senior Registrar,paul.franklin@example.com,5464229370,Paul_password,default-dp.jgp
Michael,Nunez,Urology,Children's Hospital,New York,Registrar,michael.nunez@regionalmedicalcenter.com,8817406889,Michael_password,default-dp.jgp
Carlos,Page,Oncology,City Hospital,Phoenix,Registrar,carlos.page@example.com,277-366-3678x51290,Carlos_password,default-dp.jgp
Daryl,Harris,Endocrinology,University Medical Center,Phoenix,Senior Registrar,daryl.harris@example.com,001-750-183-6146x04806,Daryl_password,default-dp.jgp
Heather,Clayton,Urology,Community Health Center,San Antonio,Junior Registrar,heather.clayton@example.com,+1-833-135-4868x71129,Heather_password,default-dp.jgp
Joseph,Keith,Gastroenterology,Metropolitan Hospital,San Jose,House Officer,joseph.keith@example.com,628.958.1874,Joseph_password,default-dp.jgp
Julia,Ramos,Radiology,Saint Mary's Hospital,Chicago,Registrar,julia.ramos@example.com,+1-150-251-2583x85342,Julia_password,default-dp.jgp
Justin,Skinner,Cardiology,Regional Medical Center,Dallas,Senior Registrar,justin.skinner@example.com,001-410-261-8346x3146,Justin_password,default-dp.jgp
Michael,Nash,Urology,Saint Mary's Hospital,Dallas,House Officer,michael.nash@countygeneral.com,951.418.2472x7234,Michael_password,default-dp.jgp
